{
  "model_type": "LinearRegression",
  "feature_names": [
    "accommodates",
    "bedrooms",
    "beds",
    "bathrooms_numeric",
    "price_per_person",
    "beds_per_bedroom",
    "neighbourhood_popularity",
    "is_superhost_numeric",
    "amenities_count",
    "minimum_nights",
    "maximum_nights",
    "availability_365",
    "availability_rate",
    "number_of_reviews",
    "review_scores_rating",
    "calculated_host_listings_count",
    "has_wifi",
    "has_kitchen",
    "has_parking",
    "has_pool",
    "space_ratio",
    "space_efficiency",
    "review_velocity",
    "review_quality_weighted",
    "distance_from_center",
    "name_length",
    "has_luxury_words",
    "premium_amenities_count",
    "host_experience_years",
    "neighborhood_avg_price",
    "neighborhood_price_std"
  ],
  "feature_count": 31,
  "coefficients": [
    -0.12379558917074227,
    0.09441973181286865,
    -0.027099851246572826,
    0.004082124799918633,
    -0.036009472629355714,
    -0.03002444085843902,
    -0.041084287857122946,
    -0.0010737050740920716,
    0.025964351745899922,
    -0.028164409856809135,
    0.018506433163339876,
    0.012431927003027756,
    0.012431927003026583,
    -0.09032639309395801,
    0.028302449418095055,
    -0.010644262567681783,
    -0.014742922585775985,
    0.04811246352664501,
    -0.009659509892482696,
    -0.01972187121123345,
    -0.8596507076037073,
    1.1167462178276588,
    -0.09032639309395858,
    0.13392359904010995,
    -0.10102095170568794,
    0.006312296790535178,
    0.026922107440230283,
    0.012674724875619402,
    0.059827198703761235,
    0.03439735322178785,
    -0.016103890553162317
  ],
  "intercept": 4.87982774639563,
  "performance": {
    "r2_score": 0.5610442009370864,
    "training_samples": 4036
  },
  "scaler_params": {
    "mean": [
      3.191278493557978,
      1.5086719524281467,
      1.9338453914767095,
      1.3440287413280476,
      2.039190020743531,
      1.2650360965203848,
      2533.7953419226956,
      0.28766105054509417,
      28.802279484638255,
      5.476461843409316,
      355.58597621407336,
      139.99529236868187,
      0.3835487462155667,
      49.658077304261646,
      4.758250743310209,
      9.749752229930625,
      0.9601090188305252,
      0.828790882061447,
      0.7155599603567889,
      0.011397423191278493,
      2.137797324973038,
      1.2096753980746577,
      0.4965807730426164,
      2.5743651387512387,
      0.06125305721859895,
      33.68954410307235,
      0.0319623389494549,
      0.19945490584737363,
      6.977368070923334,
      4.879827746395632,
      0.6188560080603369
    ],
    "scale": [
      2.072540573997412,
      0.9808241313439501,
      1.86521392154438,
      0.9311754579908246,
      1.0078360004075058,
      1.0478915487642515,
      1349.19090361172,
      0.45267225510780634,
      15.018655553196343,
      22.983634695030926,
      373.7348447548185,
      120.2007229737329,
      0.3293170492431038,
      96.23306763741765,
      0.36784847432249873,
      21.278518144556113,
      0.1957030679136414,
      0.3766915925173479,
      0.4511473190555161,
      0.10614858423868594,
      1.0802110475983808,
      0.5829164800410755,
      0.9623306763741765,
      4.506515250168361,
      0.05976010791123407,
      11.231040612125243,
      0.17589982330387677,
      0.4584950823437644,
      3.808727923660999,
      0.10744853517597115,
      0.012740318715496161
    ],
    "var": [
      4.295424430865521,
      0.9620159766266143,
      3.479022973122964,
      0.8670877335644218,
      1.0157334037173982,
      1.0980766979715417,
      1820316.0943886093,
      0.20491217054438693,
      225.56001462555534,
      528.2474637946293,
      139677.73418390827,
      14448.213803408078,
      0.10844971892218486,
      9260.8033069078,
      0.13531250006139,
      452.7753344282037,
      0.03829969079081134,
      0.1418965558732557,
      0.2035339034909796,
      0.011267521935877404,
      1.1668559073535916,
      0.3397916227034776,
      0.92608033069078,
      20.308679700000006,
      0.003571270497562341,
      126.13627323120657,
      0.03094074783833507,
      0.21021774053341533,
      14.506408396475024,
      0.01154518771146191,
      0.00016231572097242177
    ]
  },
  "feature_statistics": {
    "mean": {
      "accommodates": 3.191278493557978,
      "bedrooms": 1.5086719524281467,
      "beds": 1.9338453914767095,
      "bathrooms_numeric": 1.3440287413280476,
      "price_per_person": 2.039190020743531,
      "beds_per_bedroom": 1.2650360965203848,
      "neighbourhood_popularity": 2533.7953419226956,
      "is_superhost_numeric": 0.28766105054509417,
      "amenities_count": 28.802279484638255,
      "minimum_nights": 5.476461843409316,
      "maximum_nights": 355.58597621407336,
      "availability_365": 139.99529236868187,
      "availability_rate": 0.3835487462155667,
      "number_of_reviews": 49.658077304261646,
      "review_scores_rating": 4.758250743310209,
      "calculated_host_listings_count": 9.749752229930625,
      "has_wifi": 0.9601090188305252,
      "has_kitchen": 0.828790882061447,
      "has_parking": 0.7155599603567889,
      "has_pool": 0.011397423191278493,
      "space_ratio": 2.137797324973038,
      "space_efficiency": 1.2096753980746577,
      "review_velocity": 0.4965807730426164,
      "review_quality_weighted": 2.5743651387512387,
      "distance_from_center": 0.06125305721859895,
      "name_length": 33.68954410307235,
      "has_luxury_words": 0.0319623389494549,
      "premium_amenities_count": 0.19945490584737363,
      "host_experience_years": 6.977368070923334,
      "neighborhood_avg_price": 4.879827746395632,
      "neighborhood_price_std": 0.6188560080603369
    },
    "std": {
      "accommodates": 2.0727973784806473,
      "bedrooms": 0.9809456633599477,
      "beds": 1.8654450365841795,
      "bathrooms_numeric": 0.9312908381359909,
      "price_per_person": 1.007960879411815,
      "beds_per_bedroom": 1.0480213909738774,
      "neighbourhood_popularity": 1349.3580792400935,
      "is_superhost_numeric": 0.45272834484906715,
      "amenities_count": 15.020516485680183,
      "minimum_nights": 22.986482552633706,
      "maximum_nights": 373.7811535146462,
      "availability_365": 120.2156168122107,
      "availability_rate": 0.3293578542800293,
      "number_of_reviews": 96.24499169020332,
      "review_scores_rating": 0.3678940537135816,
      "calculated_host_listings_count": 21.281154724473865,
      "has_wifi": 0.19572731710125862,
      "has_kitchen": 0.3767382676420568,
      "has_parking": 0.4512032198449079,
      "has_pool": 0.10616173690390446,
      "space_ratio": 1.08034489445443,
      "space_efficiency": 0.5829887080916645,
      "review_velocity": 0.9624499169020332,
      "review_quality_weighted": 4.507073643733501,
      "distance_from_center": 0.059767512670312266,
      "name_length": 11.232432228587077,
      "has_luxury_words": 0.17592161870985892,
      "premium_amenities_count": 0.45855189358025583,
      "host_experience_years": 3.809199855751734,
      "neighborhood_avg_price": 0.10746184891558931,
      "neighborhood_price_std": 0.012741897343680832
    },
    "min": {
      "accommodates": 1.0,
      "bedrooms": 0.0,
      "beds": 0.0,
      "bathrooms_numeric": 0.0,
      "price_per_person": 0.20363103362634263,
      "beds_per_bedroom": 0.0,
      "neighbourhood_popularity": 402.0,
      "is_superhost_numeric": 0.0,
      "amenities_count": 1.0,
      "minimum_nights": 1.0,
      "maximum_nights": 1.0,
      "availability_365": 0.0,
      "availability_rate": 0.0,
      "number_of_reviews": 0.0,
      "review_scores_rating": 1.0,
      "calculated_host_listings_count": 1.0,
      "has_wifi": 0.0,
      "has_kitchen": 0.0,
      "has_parking": 0.0,
      "has_pool": 0.0,
      "space_ratio": 0.11764705882352941,
      "space_efficiency": 0.1111111111111111,
      "review_velocity": 0.0,
      "review_quality_weighted": 0.01,