{
  "model_type": "RandomForestRegressor",
  "n_estimators": 100,
  "feature_names": [
    "accommodates",
    "bedrooms",
    "beds",
    "bathrooms_numeric",
    "price_per_person",
    "beds_per_bedroom",
    "neighbourhood_popularity",
    "is_superhost_numeric",
    "amenities_count",
    "minimum_nights",
    "maximum_nights",
    "availability_365",
    "availability_rate",
    "number_of_reviews",
    "review_scores_rating",
    "calculated_host_listings_count",
    "has_wifi",
    "has_kitchen",
    "has_parking",
    "has_pool",
    "space_ratio",
    "space_efficiency",
    "review_velocity",
    "review_quality_weighted",
    "distance_from_center",
    "name_length",
    "has_luxury_words",
    "premium_amenities_count",
    "host_experience_years",
    "neighborhood_avg_price",
    "neighborhood_price_std"
  ],
  "feature_count": 31,
  "n_features_in_": 31,
  "n_outputs_": 1,
  "performance": {
    "r2_score": 0.9717917786704844,
    "training_samples": 4036
  },
  "feature_statistics": {
    "mean": {
      "accommodates": 3.191278493557978,
      "bedrooms": 1.5086719524281467,
      "beds": 1.9338453914767095,
      "bathrooms_numeric": 1.3440287413280476,
      "price_per_person": 2.039190020743531,
      "beds_per_bedroom": 1.2650360965203848,
      "neighbourhood_popularity": 2533.7953419226956,
      "is_superhost_numeric": 0.28766105054509417,
      "amenities_count": 28.802279484638255,
      "minimum_nights": 5.476461843409316,
      "maximum_nights": 355.58597621407336,
      "availability_365": 139.99529236868187,
      "availability_rate": 0.3835487462155667,
      "number_of_reviews": 49.658077304261646,
      "review_scores_rating": 4.758250743310209,
      "calculated_host_listings_count": 9.749752229930625,
      "has_wifi": 0.9601090188305252,
      "has_kitchen": 0.828790882061447,
      "has_parking": 0.7155599603567889,
      "has_pool": 0.011397423191278493,
      "space_ratio": 2.137797324973038,
      "space_efficiency": 1.2096753980746577,
      "review_velocity": 0.4965807730426164,
      "review_quality_weighted": 2.5743651387512387,
      "distance_from_center": 0.06125305721859895,
      "name_length": 33.68954410307235,
      "has_luxury_words": 0.0319623389494549,
      "premium_amenities_count": 0.19945490584737363,
      "host_experience_years": 6.97463038136226,
      "neighborhood_avg_price": 4.879827746395632,
      "neighborhood_price_std": 0.6188560080603369
    },
    "std": {
      "accommodates": 2.0727973784806473,
      "bedrooms": 0.9809456633599477,
      "beds": 1.8654450365841795,
      "bathrooms_numeric": 0.9312908381359909,
      "price_per_person": 1.007960879411815,
      "beds_per_bedroom": 1.0480213909738774,
      "neighbourhood_popularity": 1349.3580792400935,
      "is_superhost_numeric": 0.45272834484906715,
      "amenities_count": 15.020516485680183,
      "minimum_nights": 22.986482552633706,
      "maximum_nights": 373.7811535146462,
      "availability_365": 120.2156168122107,
      "availability_rate": 0.3293578542800293,
      "number_of_reviews": 96.24499169020332,
      "review_scores_rating": 0.3678940537135816,
      "calculated_host_listings_count": 21.281154724473865,
      "has_wifi": 0.19572731710125862,
      "has_kitchen": 0.3767382676420568,
      "has_parking": 0.4512032198449079,
      "has_pool": 0.10616173690390446,
      "space_ratio": 1.08034489445443,
      "space_efficiency": 0.5829887080916645,
      "review_velocity": 0.9624499169020332,
      "review_quality_weighted": 4.507073643733501,
      "distance_from_center": 0.059767512670312266,
      "name_length": 11.232432228587077,
      "has_luxury_words": 0.17592161870985892,
      "premium_amenities_count": 0.45855189358025583,
      "host_experience_years": 3.809196125331755,
      "neighborhood_avg_price": 0.10746184891558931,
      "neighborhood_price_std": 0.012741897343680832
    },
    "min": {
      "accommodates": 1.0,
      "bedrooms": 0.0,
      "beds": 0.0,
      "bathrooms_numeric": 0.0,
      "price_per_person": 0.20363103362634263,
      "beds_per_bedroom": 0.0,
      "neighbourhood_popularity": 402.0,
      "is_superhost_numeric": 0.0,
      "amenities_count": 1.0,
      "minimum_nights": 1.0,
      "maximum_nights": 1.0,
      "availability_365": 0.0,
      "availability_rate": 0.0,
      "number_of_reviews": 0.0,
      "review_scores_rating": 1.0,
      "calculated_host_listings_count": 1.0,
      "has_wifi": 0.0,
      "has_kitchen": 0.0,
      "has_parking": 0.0,
      "has_pool": 0.0,
      "space_ratio": 0.11764705882352941,
      "space_efficiency": 0.1111111111111111,
      "review_velocity": 0.0,
      "review_quality_weighted": 0.01,
      "distance_from_center": 0.00026925824035824175,
      "name_length": 4.0,
      "has_luxury_words": 0.0,
      "premium_amenities_count": 0.0,
      "host_experience_years": 0.0,
      "neighborhood_avg_price": 4.631797227726981,
      "neighborhood_price_std": 0.6115138547403604
    },
    "max": {
      "accommodates": 16.0,
      "bedrooms": 17.0,
      "beds": 50.0,
      "bathrooms_numeric": 40.0,
      "price_per_person": 5.811140992976701,
      "beds_per_bedroom": 30.0,
      "neighbourhood_popularity": 3450.0,
      "is_superhost_numeric": 1.0,
      "amenities_count": 87.0,
      "minimum_nights": 729.0,
      "maximum_nights": 1125.0,
      "availability_365": 365.0,
      "availability_rate": 1.0,
      "number_of_reviews": 1045.0,
      "review_scores_rating": 5.0,
      "calculated_host_listings_count": 101.0,
      "has_wifi": 1.0,
      "has_kitchen": 1.0,
      "has_parking": 1.0,
      "has_pool": 1.0,
      "space_ratio": 16.0,
      "space_efficiency": 8.0,
      "review_velocity": 10.45,
      "review_quality_weighted": 50.16,
      "distance_from_center": 0.27924015828673526,
      "name_length": 92.0,
      "has_luxury_words": 1.0,
      "premium_amenities_count": 4.0,
      "host_experience_years": 15.624657534246575,
      "neighborhood_avg_price": 4.936649521763178,
      "neighborhood_price_std": 0.64536769801731
    },
    "median": {
      "accommodates": 2.0,
      "bedrooms": 1.0,
      "beds": 1.0,
      "bathrooms_numeric": 1.0,
      "price_per_person": 2.0871936349478184,
      "beds_per_bedroom": 1.0,
      "neighbourhood_popularity": 3450.0,
      "is_superhost_numeric": 0.0,
      "amenities_count": 28.0,
      "minimum_nights": 2.0,
      "maximum_nights": 365.0,
      "availability_365": 108.0,
      "availability_rate": 0.2958904109589041,
      "number_of_reviews": 12.0,
      "review_scores_rating": 4.85,
      "calculated_host_listings_count": 2.0,
      "has_wifi": 1.0,
      "has_kitchen": 1.0,
      "has_parking": 1.0,
      "has_pool": 0.0,
      "space_ratio": 2.0,
      "space_efficiency": 1.0,
      "review_velocity": 0.12,
      "review_quality_weighted": 1.06935,
      "distance_from_center": 0.03374028067711357,
      "name_length": 32.0,
      "has_luxury_words": 0.0,
      "premium_amenities_count": 0.0,
      "host_experience_years": 7.904109589041096,
      "neighborhood_avg_price": 4.936649521763178,
      "neighborhood_price_std": 0.6115138547403604
    }
  },
  "target_statistics": {
    "mean": 4.879827746395631,
    "std": 0.6280083441414475,
    "min": 2.833213344056216,
    "max": 6.42648845745769,
    "median": 4.83229782212689
  },
  "preprocessing": {
    "y_skewness": 1.5021687406715327,
    "log_transformed": true
  },
  "feature_importances": {
    "accommodates": 0.5559029750101016,
    "bedrooms": 0.04589026291964209,
    "beds": 0.0007343350135345193,
    "bathrooms_numeric": 0.0008133649508458065,
    "price_per_person": 0.36745979159484066,
    "beds_per_bedroom": 0.0011221743824678175,
    "neighbourhood_popularity": 0.0001068709754655756,
    "is_superhost_numeric": 0.000171950953193528,
    "amenities_count": 0.00382642579332486,
    "minimum_nights": 0.0008288575056206185,
    "maximum_nights": 0.0004104024330845083,